{
  "v1": {
    "n_obs": 1324,
    "base_r2": 0.9890868501113873,
    "base_adj_r2": 0.9890537548880708,
    "base_aic": -14232.421032522521,
    "base_bic": -14206.478968840036,
    "aug_r2": 0.9891084713592808,
    "aug_adj_r2": 0.9890671529653479,
    "aug_aic": -14233.046757231525,
    "aug_bic": -14201.916280812544,
    "sent_coef": -0.0006205353409318345,
    "sent_tstat": -1.6605262782348675,
    "sent_pvalue": 0.0968086259384207,
    "delta_r2": 2.162124789351072e-05,
    "delta_adj_r2": 1.339807727707143e-05,
    "delta_aic": -0.625724709003407,
    "delta_bic": 4.562688027492186
  },
  "v2": {
    "n_obs": 1326,
    "base_r2": 0.9890789587931517,
    "base_adj_r2": 0.9890458897811703,
    "base_aic": -14254.954208802435,
    "base_bic": -14229.004597948706,
    "aug_r2": 0.9891509440397889,
    "aug_adj_r2": 0.9891098491308487,
    "aug_aic": -14261.723373606128,
    "aug_bic": -14230.583840581654,
    "sent_coef": 0.01141544816174437,
    "sent_tstat": 2.3850836909574302,
    "sent_pvalue": 0.017075236336663357,
    "delta_r2": 7.198524663720729e-05,
    "delta_adj_r2": 6.395934967839967e-05,
    "delta_aic": -6.769164803692547,
    "delta_bic": -1.5792426329480804
  }
}