{
  "v1": {
    "n_comments": 914795,
    "coverage": 0.5397240359637059,
    "acc_3class": 0.377552347793768,
    "f1_3class_macro": 0.32273627217331846,
    "kappa": 0.00282077277977022,
    "acc_binary": 0.4392411223424608,
    "f1_binary": 0.5604191116301148,
    "n_binary": 538374,
    "pearson_r": 0.021157382455581887,
    "pearson_p": 4.5137139530083896e-91,
    "spearman_r": 0.020442213477393528,
    "spearman_p": 3.817519900240009e-85,
    "mean_score_push": 0.04595052563605987,
    "count_push": 470449,
    "mean_score_boo": 0.0200097568833272,
    "count_boo": 67925,
    "mean_score_arrow": 0.04386741251150403,
    "count_arrow": 376421,
    "best_threshold": 0.05
  },
  "v2": {
    "n_comments": 1595084,
    "coverage": 0.9410908172663076,
    "acc_3class": 0.32999578705572874,
    "f1_3class_macro": 0.296411727757062,
    "kappa": 0.006939139394324445,
    "acc_binary": 0.3127954465390256,
    "f1_binary": 0.3882527223582072,
    "n_binary": 976488,
    "pearson_r": 0.00948878170355614,
    "pearson_p": 4.29599882514925e-33,
    "spearman_r": 0.0008177317104422837,
    "spearman_p": 0.30171295207585236,
    "mean_score_push": -0.008194858755874996,
    "count_push": 858335,
    "mean_score_boo": -0.020103896340710227,
    "count_boo": 118153,
    "mean_score_arrow": -0.004855664027977442,
    "count_arrow": 618596,
    "best_threshold": 0.05
  }
}